{"cameraMode":{"drawMode":0,"name":"Shaded","section":"Shading Mode"},"sceneLighting":true,"audioPlay":false,"sceneViewState":{"showFog":true,"showMaterialUpdate":false,"showSkybox":true,"showFlares":true,"showImageEffects":true,"showParticleSystems":true},"in2DMode":false,"pivot":{"x":1.163522481918335,"y":1.6401166915893555,"z":-1.0088633298873902},"rotation":{"x":-0.17063574492931367,"y":0.414135217666626,"z":-0.07934790104627609,"w":-0.8905576467514038},"size":1.4823906421661378,"orthographic":false}