{"cameraMode":{"drawMode":0,"name":"Shaded","section":"Shading Mode"},"sceneLighting":true,"audioPlay":false,"sceneViewState":{"showFog":true,"showMaterialUpdate":false,"showSkybox":true,"showFlares":true,"showImageEffects":true,"showParticleSystems":true},"in2DMode":false,"pivot":{"x":-37.48518753051758,"y":11.798383712768555,"z":39.195804595947269},"rotation":{"x":-0.09786165505647659,"y":-0.8666393160820007,"z":0.1877208650112152,"w":-0.4518178403377533},"size":0.5660256147384644,"orthographic":false}