{"cameraMode":{"drawMode":0,"name":"Shaded","section":"Shading Mode"},"sceneLighting":true,"audioPlay":false,"sceneViewState":{"showFog":true,"showMaterialUpdate":false,"showSkybox":true,"showFlares":true,"showImageEffects":true,"showParticleSystems":true},"in2DMode":false,"pivot":{"x":-0.756443977355957,"y":2.52020263671875,"z":-1.0076789855957032},"rotation":{"x":-0.08524248749017716,"y":0.9002765417098999,"z":-0.20492364466190339,"w":-0.37448981404304507},"size":6.607396125793457,"orthographic":false}