{"cameraMode":{"drawMode":0,"name":"Shaded","section":"Shading Mode"},"sceneLighting":true,"audioPlay":false,"sceneViewState":{"showFog":true,"showMaterialUpdate":false,"showSkybox":true,"showFlares":true,"showImageEffects":true,"showParticleSystems":true},"in2DMode":false,"pivot":{"x":-30.28499984741211,"y":-9.582974433898926,"z":8.924466133117676},"rotation":{"x":0.16314920783042909,"y":0.6705659627914429,"z":-0.15475395321846009,"w":0.7069452404975891},"size":10.300000190734864,"orthographic":false}